K,Silhouette,Calinski-Harabasz
2,0.5294641537826228,38097.2210888203
3,0.5531035844236211,44777.899646674785
4,0.43455529106026697,33704.16495002247
5,0.4529190941210631,41128.43602099307
